<Anims>
 <anim name="burnt" root="chest" numframes="400" framerate="40">
  <frame idx="0" w="310" h="288" x="-22.274605" y="-91.924500">
   <element name="chest02" layername="ches" frame="4" z_index="16" m_a="1.000000" m_b="0.000000" m_c="0.000000" m_d="1.000000" m_tx="0.000000" m_ty="0.000000"/>
   <element name="chest_shadow" layername="chest_shadow" frame="0" z_index="17" m_a="1.000000" m_b="0.000000" m_c="0.000000" m_d="1.000000" m_tx="13.500000" m_ty="6.900000"/>
  </frame>
  <frame idx="25" w="310" h="288" x="-22.274605" y="-91.924500">
   <element name="chest02" layername="ches" frame="4" z_index="16" m_a="1.000000" m_b="0.000000" m_c="0.000000" m_d="1.000000" m_tx="0.000000" m_ty="0.000000"/>
   <element name="chest_shadow" layername="chest_shadow" frame="0" z_index="17" m_a="1.000000" m_b="0.000000" m_c="0.000000" m_d="1.000000" m_tx="13.500000" m_ty="6.900000"/>
  </frame>
  <frame idx="50" w="310" h="288" x="-22.274605" y="-91.924500">
   <element name="chest02" layername="ches" frame="4" z_index="16" m_a="1.000000" m_b="0.000000" m_c="0.000000" m_d="1.000000" m_tx="0.000000" m_ty="0.000000"/>
   <element name="chest_shadow" layername="chest_shadow" frame="0" z_index="17" m_a="1.000000" m_b="0.000000" m_c="0.000000" m_d="1.000000" m_tx="13.500000" m_ty="6.900000"/>
  </frame>
  <frame idx="75" w="310" h="288" x="-22.274605" y="-91.924500">
   <element name="chest02" layername="ches" frame="4" z_index="16" m_a="1.000000" m_b="0.000000" m_c="0.000000" m_d="1.000000" m_tx="0.000000" m_ty="0.000000"/>
   <element name="chest_shadow" layername="chest_shadow" frame="0" z_index="17" m_a="1.000000" m_b="0.000000" m_c="0.000000" m_d="1.000000" m_tx="13.500000" m_ty="6.900000"/>
  </frame>
  <frame idx="100" w="310" h="288" x="-22.274605" y="-91.924500">
   <element name="chest02" layername="ches" frame="4" z_index="16" m_a="1.000000" m_b="0.000000" m_c="0.000000" m_d="1.000000" m_tx="0.000000" m_ty="0.000000"/>
   <element name="chest_shadow" layername="chest_shadow" frame="0" z_index="17" m_a="1.000000" m_b="0.000000" m_c="0.000000" m_d="1.000000" m_tx="13.500000" m_ty="6.900000"/>
  </frame>
  <frame idx="125" w="310" h="288" x="-22.274605" y="-91.924500">
   <element name="chest02" layername="ches" frame="4" z_index="16" m_a="1.000000" m_b="0.000000" m_c="0.000000" m_d="1.000000" m_tx="0.000000" m_ty="0.000000"/>
   <element name="chest_shadow" layername="chest_shadow" frame="0" z_index="17" m_a="1.000000" m_b="0.000000" m_c="0.000000" m_d="1.000000" m_tx="13.500000" m_ty="6.900000"/>
  </frame>
  <frame idx="150" w="310" h="288" x="-22.274605" y="-91.924500">
   <element name="chest02" layername="ches" frame="4" z_index="16" m_a="1.000000" m_b="0.000000" m_c="0.000000" m_d="1.000000" m_tx="0.000000" m_ty="0.000000"/>
   <element name="chest_shadow" layername="chest_shadow" frame="0" z_index="17" m_a="1.000000" m_b="0.000000" m_c="0.000000" m_d="1.000000" m_tx="13.500000" m_ty="6.900000"/>
  </frame>
  <frame idx="175" w="310" h="288" x="-22.274605" y="-91.924500">
   <element name="chest02" layername="ches" frame="4" z_index="16" m_a="1.000000" m_b="0.000000" m_c="0.000000" m_d="1.000000" m_tx="0.000000" m_ty="0.000000"/>
   <element name="chest_shadow" layername="chest_shadow" frame="0" z_index="17" m_a="1.000000" m_b="0.000000" m_c="0.000000" m_d="1.000000" m_tx="13.500000" m_ty="6.900000"/>
  </frame>
  <frame idx="200" w="310" h="288" x="-22.274605" y="-91.924500">
   <element name="chest02" layername="ches" frame="4" z_index="16" m_a="1.000000" m_b="0.000000" m_c="0.000000" m_d="1.000000" m_tx="0.000000" m_ty="0.000000"/>
   <element name="chest_shadow" layername="chest_shadow" frame="0" z_index="17" m_a="1.000000" m_b="0.000000" m_c="0.000000" m_d="1.000000" m_tx="13.500000" m_ty="6.900000"/>
  </frame>
  <frame idx="225" w="310" h="288" x="-22.274605" y="-91.924500">
   <element name="chest02" layername="ches" frame="4" z_index="16" m_a="1.000000" m_b="0.000000" m_c="0.000000" m_d="1.000000" m_tx="0.000000" m_ty="0.000000"/>
   <element name="chest_shadow" layername="chest_shadow" frame="0" z_index="17" m_a="1.000000" m_b="0.000000" m_c="0.000000" m_d="1.000000" m_tx="13.500000" m_ty="6.900000"/>
  </frame>
  <frame idx="250" w="310" h="288" x="-22.274605" y="-91.924500">
   <element name="chest02" layername="ches" frame="4" z_index="16" m_a="1.000000" m_b="0.000000" m_c="0.000000" m_d="1.000000" m_tx="0.000000" m_ty="0.000000"/>
   <element name="chest_shadow" layername="chest_shadow" frame="0" z_index="17" m_a="1.000000" m_b="0.000000" m_c="0.000000" m_d="1.000000" m_tx="13.500000" m_ty="6.900000"/>
  </frame>
  <frame idx="275" w="310" h="288" x="-22.274605" y="-91.924500">
   <element name="chest02" layername="ches" frame="4" z_index="16" m_a="1.000000" m_b="0.000000" m_c="0.000000" m_d="1.000000" m_tx="0.000000" m_ty="0.000000"/>
   <element name="chest_shadow" layername="chest_shadow" frame="0" z_index="17" m_a="1.000000" m_b="0.000000" m_c="0.000000" m_d="1.000000" m_tx="13.500000" m_ty="6.900000"/>
  </frame>
  <frame idx="300" w="310" h="288" x="-22.274605" y="-91.924500">
   <element name="chest02" layername="ches" frame="4" z_index="16" m_a="1.000000" m_b="0.000000" m_c="0.000000" m_d="1.000000" m_tx="0.000000" m_ty="0.000000"/>
   <element name="chest_shadow" layername="chest_shadow" frame="0" z_index="17" m_a="1.000000" m_b="0.000000" m_c="0.000000" m_d="1.000000" m_tx="13.500000" m_ty="6.900000"/>
  </frame>
  <frame idx="325" w="310" h="288" x="-22.274605" y="-91.924500">
   <element name="chest02" layername="ches" frame="4" z_index="16" m_a="1.000000" m_b="0.000000" m_c="0.000000" m_d="1.000000" m_tx="0.000000" m_ty="0.000000"/>
   <element name="chest_shadow" layername="chest_shadow" frame="0" z_index="17" m_a="1.000000" m_b="0.000000" m_c="0.000000" m_d="1.000000" m_tx="13.500000" m_ty="6.900000"/>
  </frame>
  <frame idx="350" w="310" h="288" x="-22.274605" y="-91.924500">
   <element name="chest02" layername="ches" frame="4" z_index="16" m_a="1.000000" m_b="0.000000" m_c="0.000000" m_d="1.000000" m_tx="0.000000" m_ty="0.000000"/>
   <element name="chest_shadow" layername="chest_shadow" frame="0" z_index="17" m_a="1.000000" m_b="0.000000" m_c="0.000000" m_d="1.000000" m_tx="13.500000" m_ty="6.900000"/>
  </frame>
  <frame idx="375" w="310" h="288" x="-22.274605" y="-91.924500">
   <element name="chest02" layername="ches" frame="4" z_index="16" m_a="1.000000" m_b="0.000000" m_c="0.000000" m_d="1.000000" m_tx="0.000000" m_ty="0.000000"/>
   <element name="chest_shadow" layername="chest_shadow" frame="0" z_index="17" m_a="1.000000" m_b="0.000000" m_c="0.000000" m_d="1.000000" m_tx="13.500000" m_ty="6.900000"/>
  </frame>
 </anim>
 <anim name="close" root="chest" numframes="350" framerate="40">
  <frame idx="0" w="389" h="410" x="-21.911839" y="-150.016479">
   <element name="chest02" layername="ches" frame="2" z_index="15" m_a="0.996460" m_b="0.000000" m_c="0.000000" m_d="1.004120" m_tx="0.050000" m_ty="0.000000"/>
   <element name="chest02" layername="ches" frame="3" z_index="16" m_a="0.998456" m_b="-0.002612" m_c="0.002625" m_d="1.003337" m_tx="2.100000" m_ty="4.400000"/>
   <element name="chest_shadow" layername="chest_shadow" frame="0" z_index="17" m_a="1.000000" m_b="0.000000" m_c="0.000000" m_d="1.000000" m_tx="13.500000" m_ty="6.900000"/>
  </frame>
  <frame idx="25" w="389" h="411" x="-21.884010" y="-152.549957">
   <element name="chest02" layername="ches" frame="2" z_index="15" m_a="0.988662" m_b="0.000000" m_c="0.000000" m_d="1.013208" m_tx="0.160294" m_ty="0.000000"/>
   <element name="chest02" layername="ches" frame="3" z_index="16" m_a="0.995010" m_b="-0.011934" m_c="0.012121" m_d="1.010613" m_tx="3.055882" m_ty="3.517647"/>
   <element name="chest_shadow" layername="chest_shadow" frame="0" z_index="17" m_a="1.000000" m_b="0.000000" m_c="0.000000" m_d="1.000000" m_tx="13.500000" m_ty="6.900000"/>
  </frame>
  <frame idx="50" w="388" h="413" x="-21.843538" y="-156.155396">
   <element name="chest02" layername="ches" frame="2" z_index="15" m_a="0.977273" m_b="0.000000" m_c="0.000000" m_d="1.026468" m_tx="0.321212" m_ty="0.000000"/>
   <element name="chest02" layername="ches" frame="3" z_index="16" m_a="0.989831" m_b="-0.024642" m_c="0.025420" m_d="1.021096" m_tx="4.490909" m_ty="2.230303"/>
   <element name="chest_shadow" layername="chest_shadow" frame="0" z_index="17" m_a="1.000000" m_b="0.000000" m_c="0.000000" m_d="1.000000" m_tx="13.500000" m_ty="6.900000"/>
  </frame>
  <frame idx="75" w="388" h="415" x="-21.789824" y="-161.381317">
   <element name="chest02" layername="ches" frame="2" z_index="15" m_a="0.962151" m_b="0.000000" m_c="0.000000" m_d="1.044072" m_tx="0.534848" m_ty="0.000000"/>
   <element name="chest02" layername="ches" frame="3" z_index="16" m_a="0.982716" m_b="-0.041016" m_c="0.043192" m_d="1.034857" m_tx="6.413637" m_ty="0.521455"/>
   <element name="chest_shadow" layername="chest_shadow" frame="0" z_index="17" m_a="1.000000" m_b="0.000000" m_c="0.000000" m_d="1.000000" m_tx="13.500000" m_ty="6.900000"/>
  </frame>
  <frame idx="100" w="388" h="417" x="-21.723083" y="-167.195648">
   <element name="chest02" layername="ches" frame="2" z_index="15" m_a="0.943390" m_b="0.000000" m_c="0.000000" m_d="1.065920" m_tx="0.800000" m_ty="0.000000"/>
   <element name="chest02" layername="ches" frame="3" z_index="16" m_a="0.973518" m_b="-0.061096" m_c="0.066001" m_d="1.051681" m_tx="8.800000" m_ty="-1.599000"/>
   <element name="chest_shadow" layername="chest_shadow" frame="0" z_index="17" m_a="1.000000" m_b="0.000000" m_c="0.000000" m_d="1.000000" m_tx="13.500000" m_ty="6.900000"/>
  </frame>
  <frame idx="125" w="389" h="417" x="-22.883671" y="-165.664413">
   <element name="chest02" layername="ches" frame="2" z_index="15" m_a="0.969936" m_b="0.000000" m_c="0.000000" m_d="1.058780" m_tx="-0.641321" m_ty="3.640562"/>
   <element name="chest02" layername="ches" frame="3" z_index="16" m_a="0.975998" m_b="-0.055743" m_c="0.059817" m_d="1.047323" m_tx="8.172659" m_ty="-1.037296"/>
   <element name="chest_shadow" layername="chest_shadow" frame="0" z_index="17" m_a="1.000000" m_b="0.000000" m_c="0.000000" m_d="1.000000" m_tx="13.500000" m_ty="6.900000"/>
  </frame>
  <frame idx="150" w="388" h="416" x="-21.383467" y="-164.126709">
   <element name="chest02" layername="ches" frame="1" z_index="14" m_a="0.994206" m_b="0.000000" m_c="0.000000" m_d="1.006178" m_tx="-0.391962" m_ty="7.720282"/>
   <element name="chest02" layername="ches" frame="3" z_index="16" m_a="0.978450" m_b="-0.050365" m_c="0.053684" m_d="1.042929" m_tx="7.545319" m_ty="-0.475592"/>
   <element name="chest_shadow" layername="chest_shadow" frame="0" z_index="15" m_a="1.000000" m_b="0.000000" m_c="0.000000" m_d="1.000000" m_tx="13.500000" m_ty="6.900000"/>
  </frame>
  <frame idx="175" w="388" h="416" x="-21.651566" y="-162.582565">
   <element name="chest02" layername="ches" frame="0" z_index="14" m_a="1.008982" m_b="0.000000" m_c="0.000000" m_d="0.957117" m_tx="0.455457" m_ty="6.706954"/>
   <element name="chest02" layername="ches" frame="3" z_index="16" m_a="0.980871" m_b="-0.044960" m_c="0.047602" m_d="1.038499" m_tx="6.917978" m_ty="0.086112"/>
   <element name="chest_shadow" layername="chest_shadow" frame="0" z_index="15" m_a="1.000000" m_b="0.000000" m_c="0.000000" m_d="1.000000" m_tx="13.500000" m_ty="6.900000"/>
  </frame>
  <frame idx="200" w="388" h="415" x="-21.680401" y="-161.032074">
   <element name="chest02" layername="ches" frame="0" z_index="14" m_a="1.006300" m_b="0.000000" m_c="0.000000" m_d="0.969925" m_tx="0.454246" m_ty="6.796708"/>
   <element name="chest02" layername="ches" frame="3" z_index="16" m_a="0.983263" m_b="-0.039530" m_c="0.041571" m_d="1.034035" m_tx="6.290637" m_ty="0.647816"/>
   <element name="chest_shadow" layername="chest_shadow" frame="0" z_index="15" m_a="1.000000" m_b="0.000000" m_c="0.000000" m_d="1.000000" m_tx="13.500000" m_ty="6.900000"/>
  </frame>
  <frame idx="225" w="388" h="415" x="-21.702221" y="-159.475281">
   <element name="chest02" layername="ches" frame="0" z_index="14" m_a="1.004271" m_b="0.000000" m_c="0.000000" m_d="0.979607" m_tx="0.453330" m_ty="6.864557"/>
   <element name="chest02" layername="ches" frame="3" z_index="16" m_a="0.985624" m_b="-0.034075" m_c="0.035593" m_d="1.029535" m_tx="5.663296" m_ty="1.209521"/>
   <element name="chest_shadow" layername="chest_shadow" frame="0" z_index="15" m_a="1.000000" m_b="0.000000" m_c="0.000000" m_d="1.000000" m_tx="13.500000" m_ty="6.900000"/>
  </frame>
  <frame idx="250" w="388" h="413" x="-21.720345" y="-157.412262">
   <element name="chest02" layername="ches" frame="0" z_index="14" m_a="1.002585" m_b="0.000000" m_c="0.000000" m_d="0.987643" m_tx="0.452569" m_ty="6.920865"/>
   <element name="chest02" layername="ches" frame="3" z_index="16" m_a="0.987955" m_b="-0.028594" m_c="0.029666" m_d="1.025001" m_tx="5.035955" m_ty="1.771225"/>
   <element name="chest_shadow" layername="chest_shadow" frame="0" z_index="15" m_a="1.000000" m_b="0.000000" m_c="0.000000" m_d="1.000000" m_tx="13.500000" m_ty="6.900000"/>
  </frame>
  <frame idx="275" w="388" h="413" x="-21.734306" y="-155.843063">
   <element name="chest02" layername="ches" frame="0" z_index="14" m_a="1.001286" m_b="0.000000" m_c="0.000000" m_d="0.993846" m_tx="0.451983" m_ty="6.964331"/>
   <element name="chest02" layername="ches" frame="3" z_index="16" m_a="0.990256" m_b="-0.023088" m_c="0.023791" m_d="1.020432" m_tx="4.408614" m_ty="2.332929"/>
   <element name="chest_shadow" layername="chest_shadow" frame="0" z_index="15" m_a="1.000000" m_b="0.000000" m_c="0.000000" m_d="1.000000" m_tx="13.500000" m_ty="6.900000"/>
  </frame>
  <frame idx="300" w="388" h="412" x="-21.743835" y="-154.267776">
   <element name="chest02" layername="ches" frame="0" z_index="14" m_a="1.000400" m_b="0.000000" m_c="0.000000" m_d="0.998123" m_tx="0.451583" m_ty="6.994304"/>
   <element name="chest02" layername="ches" frame="3" z_index="16" m_a="0.992526" m_b="-0.017557" m_c="0.017969" m_d="1.015831" m_tx="3.781273" m_ty="2.894633"/>
   <element name="chest_shadow" layername="chest_shadow" frame="0" z_index="15" m_a="1.000000" m_b="0.000000" m_c="0.000000" m_d="1.000000" m_tx="13.500000" m_ty="6.900000"/>
  </frame>
  <frame idx="325" w="388" h="412" x="-21.746998" y="-152.686462">
   <element name="chest02" layername="ches" frame="0" z_index="14" m_a="1.000106" m_b="0.000000" m_c="0.000000" m_d="0.999503" m_tx="0.451450" m_ty="7.003975"/>
   <element name="chest02" layername="ches" frame="3" z_index="16" m_a="0.994765" m_b="-0.012001" m_c="0.012199" m_d="1.011196" m_tx="3.153933" m_ty="3.456337"/>
   <element name="chest_shadow" layername="chest_shadow" frame="0" z_index="15" m_a="1.000000" m_b="0.000000" m_c="0.000000" m_d="1.000000" m_tx="13.500000" m_ty="6.900000"/>
  </frame>
 </anim>
 <anim name="closed" root="chest" numframes="50" framerate="40">
  <frame idx="0" w="303" h="311" x="-15.199539" y="-98.024498">
   <element name="chest02" layername="ches" frame="0" z_index="14" m_a="1.000000" m_b="0.000000" m_c="0.000000" m_d="1.000000" m_tx="0.000000" m_ty="0.000000"/>
   <element name="chest_shadow" layername="chest_shadow" frame="0" z_index="15" m_a="1.000000" m_b="0.000000" m_c="0.000000" m_d="1.000000" m_tx="13.500000" m_ty="6.900000"/>
  </frame>
  <frame idx="25" w="303" h="311" x="-15.199539" y="-98.024498">
   <element name="chest02" layername="ches" frame="0" z_index="14" m_a="1.000000" m_b="0.000000" m_c="0.000000" m_d="1.000000" m_tx="0.000000" m_ty="0.000000"/>
   <element name="chest_shadow" layername="chest_shadow" frame="0" z_index="15" m_a="1.000000" m_b="0.000000" m_c="0.000000" m_d="1.000000" m_tx="13.500000" m_ty="6.900000"/>
  </frame>
 </anim>
 <anim name="hit" root="chest" numframes="425" framerate="40">
  <frame idx="0" w="298" h="333" x="-11.474457" y="-102.539024">
   <element name="chest02" layername="ches" frame="1" z_index="14" m_a="1.026690" m_b="0.026831" m_c="-0.025305" m_d="0.968306" m_tx="0.000000" m_ty="0.000000"/>
   <element name="chest_shadow" layername="chest_shadow" frame="0" z_index="15" m_a="1.000000" m_b="0.000000" m_c="0.000000" m_d="1.000000" m_tx="13.500000" m_ty="6.900000"/>
  </frame>
  <frame idx="25" w="300" h="326" x="-12.628359" y="-102.292587">
   <element name="chest02" layername="ches" frame="1" z_index="14" m_a="1.024038" m_b="0.007082" m_c="-0.006699" m_d="0.968629" m_tx="0.000000" m_ty="0.000000"/>
   <element name="chest_shadow" layername="chest_shadow" frame="0" z_index="15" m_a="1.000000" m_b="0.000000" m_c="0.000000" m_d="1.000000" m_tx="13.500000" m_ty="6.900000"/>
  </frame>
  <frame idx="50" w="300" h="320" x="-13.333880" y="-102.200844">
   <element name="chest02" layername="ches" frame="1" z_index="14" m_a="1.020964" m_b="-0.012932" m_c="0.012268" m_d="0.968570" m_tx="0.796202" m_ty="-0.181168"/>
   <element name="chest_shadow" layername="chest_shadow" frame="0" z_index="15" m_a="1.000000" m_b="0.000000" m_c="0.000000" m_d="1.000000" m_tx="13.500000" m_ty="6.900000"/>
  </frame>
  <frame idx="75" w="302" h="299" x="-14.801546" y="-95.839989">
   <element name="chest02" layername="ches" frame="0" z_index="14" m_a="1.014168" m_b="-0.020674" m_c="0.019886" m_d="0.975500" m_tx="1.684340" m_ty="-0.367120"/>
   <element name="chest_shadow" layername="chest_shadow" frame="0" z_index="15" m_a="1.000000" m_b="0.000000" m_c="0.000000" m_d="1.000000" m_tx="13.500000" m_ty="6.900000"/>
  </frame>
  <frame idx="100" w="300" h="312" x="-13.208753" y="-98.234200">
   <element name="chest02" layername="ches" frame="0" z_index="14" m_a="0.999997" m_b="-0.002447" m_c="0.002441" m_d="0.997781" m_tx="1.666659" m_ty="-0.344324"/>
   <element name="chest_shadow" layername="chest_shadow" frame="0" z_index="15" m_a="1.000000" m_b="0.000000" m_c="0.000000" m_d="1.000000" m_tx="13.500000" m_ty="6.900000"/>
  </frame>
  <frame idx="125" w="300" h="322" x="-13.397451" y="-100.347687">
   <element name="chest02" layername="ches" frame="0" z_index="14" m_a="0.985949" m_b="0.013571" m_c="-0.014028" m_d="1.019118" m_tx="0.436460" m_ty="-0.086000"/>
   <element name="chest_shadow" layername="chest_shadow" frame="0" z_index="15" m_a="1.000000" m_b="0.000000" m_c="0.000000" m_d="1.000000" m_tx="13.500000" m_ty="6.900000"/>
  </frame>
  <frame idx="150" w="300" h="348" x="-12.848978" y="-108.852959">
   <element name="chest02" layername="ches" frame="1" z_index="14" m_a="0.971760" m_b="0.010964" m_c="-0.011673" m_d="1.034675" m_tx="0.000000" m_ty="0.000000"/>
   <element name="chest_shadow" layername="chest_shadow" frame="0" z_index="15" m_a="1.000000" m_b="0.000000" m_c="0.000000" m_d="1.000000" m_tx="13.500000" m_ty="6.900000"/>
  </frame>
  <frame idx="175" w="302" h="347" x="-14.149329" y="-110.036392">
   <element name="chest02" layername="ches" frame="1" z_index="14" m_a="0.957448" m_b="-0.001261" m_c="0.001379" m_d="1.046952" m_tx="0.374229" m_ty="-0.092942"/>
   <element name="chest_shadow" layername="chest_shadow" frame="0" z_index="15" m_a="1.000000" m_b="0.000000" m_c="0.000000" m_d="1.000000" m_tx="13.500000" m_ty="6.900000"/>
  </frame>
  <frame idx="200" w="303" h="326" x="-15.215955" y="-104.289032">
   <element name="chest02" layername="ches" frame="0" z_index="14" m_a="0.942988" m_b="-0.012324" m_c="0.013841" m_d="1.059090" m_tx="1.567710" m_ty="-0.381699"/>
   <element name="chest_shadow" layername="chest_shadow" frame="0" z_index="15" m_a="1.000000" m_b="0.000000" m_c="0.000000" m_d="1.000000" m_tx="13.500000" m_ty="6.900000"/>
  </frame>
  <frame idx="225" w="302" h="323" x="-14.816823" y="-102.813072">
   <element name="chest02" layername="ches" frame="0" z_index="14" m_a="0.955555" m_b="-0.009503" m_c="0.010404" m_d="1.046069" m_tx="1.589836" m_ty="-0.372557"/>
   <element name="chest_shadow" layername="chest_shadow" frame="0" z_index="15" m_a="1.000000" m_b="0.000000" m_c="0.000000" m_d="1.000000" m_tx="13.500000" m_ty="6.900000"/>
  </frame>
  <frame idx="250" w="302" h="321" x="-14.441091" y="-101.932610">
   <element name="chest02" layername="ches" frame="0" z_index="14" m_a="0.966839" m_b="-0.006615" m_c="0.007078" m_d="1.034380" m_tx="1.609786" m_ty="-0.363755"/>
   <element name="chest_shadow" layername="chest_shadow" frame="0" z_index="15" m_a="1.000000" m_b="0.000000" m_c="0.000000" m_d="1.000000" m_tx="13.500000" m_ty="6.900000"/>
  </frame>
  <frame idx="275" w="302" h="318" x="-14.121848" y="-100.666344">
   <element name="chest02" layername="ches" frame="0" z_index="14" m_a="0.976655" m_b="-0.004090" m_c="0.004290" m_d="1.024209" m_tx="1.627106" m_ty="-0.356076"/>
   <element name="chest_shadow" layername="chest_shadow" frame="0" z_index="15" m_a="1.000000" m_b="0.000000" m_c="0.000000" m_d="1.000000" m_tx="13.500000" m_ty="6.900000"/>
  </frame>
  <frame idx="300" w="300" h="317" x="-13.393957" y="-100.029007">
   <element name="chest02" layername="ches" frame="0" z_index="14" m_a="0.984891" m_b="-0.002427" m_c="0.002502" m_d="1.015677" m_tx="1.641449" m_ty="-0.350392"/>
   <element name="chest_shadow" layername="chest_shadow" frame="0" z_index="15" m_a="1.000000" m_b="0.000000" m_c="0.000000" m_d="1.000000" m_tx="13.500000" m_ty="6.900000"/>
  </frame>
  <frame idx="325" w="300" h="316" x="-13.213163" y="-99.582909">
   <element name="chest02" layername="ches" frame="0" z_index="14" m_a="0.990582" m_b="-0.000927" m_c="0.000945" m_d="1.009760" m_tx="1.651469" m_ty="-0.345875"/>
   <element name="chest_shadow" layername="chest_shadow" frame="0" z_index="15" m_a="1.000000" m_b="0.000000" m_c="0.000000" m_d="1.000000" m_tx="13.500000" m_ty="6.900000"/>
  </frame>
  <frame idx="350" w="300" h="315" x="-13.111559" y="-99.251862">
   <element name="chest02" layername="ches" frame="0" z_index="14" m_a="0.994879" m_b="-0.000249" m_c="0.000252" m_d="1.005298" m_tx="1.658871" m_ty="-0.343222"/>
   <element name="chest_shadow" layername="chest_shadow" frame="0" z_index="15" m_a="1.000000" m_b="0.000000" m_c="0.000000" m_d="1.000000" m_tx="13.500000" m_ty="6.900000"/>
  </frame>
  <frame idx="375" w="300" h="314" x="-13.067407" y="-99.042519">
   <element name="chest02" layername="ches" frame="0" z_index="14" m_a="0.997646" m_b="-0.000099" m_c="0.000099" m_d="1.002430" m_tx="1.663537" m_ty="-0.341994"/>
   <element name="chest_shadow" layername="chest_shadow" frame="0" z_index="15" m_a="1.000000" m_b="0.000000" m_c="0.000000" m_d="1.000000" m_tx="13.500000" m_ty="6.900000"/>
  </frame>
  <frame idx="400" w="300" h="314" x="-13.051626" y="-98.953972">
   <element name="chest02" layername="ches" frame="0" z_index="14" m_a="0.998825" m_b="-0.000076" m_c="0.000076" m_d="1.001210" m_tx="1.665511" m_ty="-0.341540"/>
   <element name="chest_shadow" layername="chest_shadow" frame="0" z_index="15" m_a="1.000000" m_b="0.000000" m_c="0.000000" m_d="1.000000" m_tx="13.500000" m_ty="6.900000"/>
  </frame>
 </anim>
 <anim name="open" root="chest" numframes="200" framerate="40">
  <frame idx="0" w="300" h="333" x="-13.424438" y="-105.299507">
   <element name="chest02" layername="ches" frame="1" z_index="14" m_a="1.000000" m_b="0.000000" m_c="0.000000" m_d="1.000000" m_tx="0.000000" m_ty="0.000000"/>
   <element name="chest_shadow" layername="chest_shadow" frame="0" z_index="15" m_a="1.000000" m_b="0.000000" m_c="0.000000" m_d="1.000000" m_tx="13.500000" m_ty="6.900000"/>
  </frame>
  <frame idx="25" w="300" h="357" x="-12.489166" y="-117.097702">
   <element name="chest02" layername="ches" frame="1" z_index="14" m_a="0.958375" m_b="0.000000" m_c="0.000000" m_d="1.048471" m_tx="1.417104" m_ty="-6.051440"/>
   <element name="chest_shadow" layername="chest_shadow" frame="0" z_index="15" m_a="1.000000" m_b="0.000000" m_c="0.000000" m_d="1.000000" m_tx="13.500000" m_ty="6.900000"/>
  </frame>
  <frame idx="50" w="387" h="416" x="-20.622906" y="-163.460541">
   <element name="chest02" layername="ches" frame="2" z_index="15" m_a="0.955405" m_b="0.000000" m_c="0.000000" m_d="1.051937" m_tx="1.773118" m_ty="-4.919163"/>
   <element name="chest_shadow" layername="chest_shadow" frame="0" z_index="17" m_a="1.000000" m_b="0.000000" m_c="0.000000" m_d="1.000000" m_tx="13.500000" m_ty="6.900000"/>
   <element name="chest02" layername="ches" frame="3" z_index="16" m_a="0.979444" m_b="-0.048286" m_c="0.051319" m_d="1.040971" m_tx="7.296969" m_ty="-0.217667"/>
  </frame>
  <frame idx="75" w="387" h="413" x="-20.663074" y="-157.626984">
   <element name="chest02" layername="ches" frame="2" z_index="15" m_a="0.972457" m_b="0.000000" m_c="0.000000" m_d="1.032086" m_tx="1.552606" m_ty="-4.826335"/>
   <element name="chest_shadow" layername="chest_shadow" frame="0" z_index="17" m_a="1.000000" m_b="0.000000" m_c="0.000000" m_d="1.000000" m_tx="13.500000" m_ty="6.900000"/>
   <element name="chest02" layername="ches" frame="3" z_index="16" m_a="0.987576" m_b="-0.029878" m_c="0.031025" m_d="1.025490" m_tx="5.142424" m_ty="1.722727"/>
  </frame>
  <frame idx="100" w="387" h="412" x="-20.694756" y="-153.458069">
   <element name="chest02" layername="ches" frame="2" z_index="15" m_a="0.985855" m_b="0.000000" m_c="0.000000" m_d="1.016480" m_tx="1.379238" m_ty="-4.753356"/>
   <element name="chest_shadow" layername="chest_shadow" frame="0" z_index="17" m_a="1.000000" m_b="0.000000" m_c="0.000000" m_d="1.000000" m_tx="13.500000" m_ty="6.900000"/>
   <element name="chest02" layername="ches" frame="3" z_index="16" m_a="0.993749" m_b="-0.015274" m_c="0.015573" m_d="1.013210" m_tx="3.400000" m_ty="3.200000"/>
  </frame>
  <frame idx="125" w="387" h="411" x="-20.713253" y="-150.928619">
   <element name="chest02" layername="ches" frame="2" z_index="15" m_a="0.993653" m_b="0.000000" m_c="0.000000" m_d="1.007392" m_tx="1.278272" m_ty="-4.710857"/>
   <element name="chest_shadow" layername="chest_shadow" frame="0" z_index="17" m_a="1.000000" m_b="0.000000" m_c="0.000000" m_d="1.000000" m_tx="13.500000" m_ty="6.900000"/>
   <element name="chest02" layername="ches" frame="3" z_index="16" m_a="0.997214" m_b="-0.005975" m_c="0.006027" m_d="1.005952" m_tx="2.407353" m_ty="4.082353"/>
  </frame>
  <frame idx="150" w="387" h="410" x="-20.723953" y="-149.522125">
   <element name="chest02" layername="ches" frame="2" z_index="15" m_a="0.998176" m_b="0.000000" m_c="0.000000" m_d="1.002122" m_tx="1.219734" m_ty="-4.686216"/>
   <element name="chest_shadow" layername="chest_shadow" frame="0" z_index="17" m_a="1.000000" m_b="0.000000" m_c="0.000000" m_d="1.000000" m_tx="13.500000" m_ty="6.900000"/>
   <element name="chest02" layername="ches" frame="3" z_index="16" m_a="0.999198" m_b="-0.001346" m_c="0.001350" m_d="1.001709" m_tx="1.831818" m_ty="4.593940"/>
  </frame>
  <frame idx="175" w="387" h="410" x="-20.728243" y="-148.999039">
   <element name="chest02" layername="ches" frame="2" z_index="15" m_a="1.000000" m_b="0.000000" m_c="0.000000" m_d="1.000000" m_tx="1.196158" m_ty="-4.676291"/>
   <element name="chest_shadow" layername="chest_shadow" frame="0" z_index="17" m_a="1.000000" m_b="0.000000" m_c="0.000000" m_d="1.000000" m_tx="13.500000" m_ty="6.900000"/>
   <element name="chest02" layername="ches" frame="3" z_index="16" m_a="1.000000" m_b="0.000000" m_c="0.000000" m_d="1.000000" m_tx="1.600000" m_ty="4.800000"/>
  </frame>
 </anim>
 <anim name="place" root="chest" numframes="825" framerate="40">
  <frame idx="0" w="0" h="-2147483648" x="0.000000" y="-223098717194880572421976968401682169856.000000"/>
  <frame idx="25" w="0" h="-2147483648" x="0.000000" y="-223098717194880572421976968401682169856.000000"/>
  <frame idx="50" w="680" h="296" x="-188.476471" y="-93.809761">
   <element name="chest02" layername="ches" frame="6" z_index="13" m_a="0.999525" m_b="0.007680" m_c="-0.007593" m_d="0.988147" m_tx="-67.905060" m_ty="-9.353545"/>
   <element name="chest02" layername="ches" frame="7" z_index="14" m_a="0.994086" m_b="-0.007537" m_c="0.007582" m_d="1.000015" m_tx="41.156059" m_ty="-12.759605"/>
   <element name="chest02" layername="ches" frame="8" z_index="15" m_a="0.995975" m_b="0.008572" m_c="-0.008900" m_d="1.034148" m_tx="-54.015667" m_ty="2.857576"/>
   <element name="chest02" layername="ches" frame="9" z_index="16" m_a="0.997021" m_b="-0.005415" m_c="0.005704" m_d="1.050263" m_tx="-60.926273" m_ty="2.836364"/>
   <element name="chest_shadow" layername="chest_shadow" frame="0" z_index="17" m_a="1.813048" m_b="0.000000" m_c="0.000000" m_d="1.602488" m_tx="-15.327788" m_ty="30.769697"/>
  </frame>
  <frame idx="75" w="674" h="279" x="-188.062897" y="-82.759033">
   <element name="chest02" layername="ches" frame="6" z_index="13" m_a="0.997997" m_b="0.028508" m_c="-0.027351" m_d="0.957490" m_tx="-67.432335" m_ty="-11.042939"/>
   <element name="chest02" layername="ches" frame="7" z_index="14" m_a="0.978665" m_b="-0.027215" m_c="0.027802" m_d="0.999769" m_tx="40.671211" m_ty="-13.964151"/>
   <element name="chest02" layername="ches" frame="8" z_index="15" m_a="0.985310" m_b="0.031016" m_c="-0.035294" m_d="1.121235" m_tx="-54.674759" m_ty="0.198727"/>
   <element name="chest02" layername="ches" frame="9" z_index="16" m_a="0.989247" m_b="-0.019926" m_c="0.023746" m_d="1.178874" m_tx="-60.788391" m_ty="1.916667"/>
   <element name="chest_shadow" layername="chest_shadow" frame="0" z_index="17" m_a="1.782474" m_b="0.000000" m_c="0.000000" m_d="1.512457" m_tx="-12.918697" m_ty="29.106060"/>
  </frame>
  <frame idx="100" w="663" h="247" x="-187.110077" y="-62.705086">
   <element name="chest02" layername="ches" frame="6" z_index="13" m_a="0.993963" m_b="0.067971" m_c="-0.061570" m_d="0.900359" m_tx="-66.598999" m_ty="-14.149000"/>
   <element name="chest02" layername="ches" frame="7" z_index="14" m_a="0.949425" m_b="-0.062578" m_c="0.065792" m_d="0.998194" m_tx="39.799999" m_ty="-16.198999"/>
   <element name="chest02" layername="ches" frame="8" z_index="15" m_a="0.964448" m_b="0.071823" m_c="-0.095210" m_d="1.278500" m_tx="-55.848999" m_ty="-4.649000"/>
   <element name="chest02" layername="ches" frame="9" z_index="16" m_a="0.974449" m_b="-0.046883" m_c="0.067990" m_d="1.413145" m_tx="-60.598999" m_ty="0.250000"/>
   <element name="chest_shadow" layername="chest_shadow" frame="0" z_index="17" m_a="1.726550" m_b="0.000000" m_c="0.000000" m_d="1.347760" m_tx="-8.449000" m_ty="26.000000"/>
  </frame>
  <frame idx="125" w="644" h="223" x="-185.101166" y="-55.890289">
   <element name="chest02" layername="ches" frame="6" z_index="13" m_a="0.984380" m_b="0.132943" m_c="-0.108821" m_d="0.805767" m_tx="-65.128410" m_ty="-19.149000"/>
   <element name="chest02" layername="ches" frame="7" z_index="14" m_a="0.899956" m_b="-0.115859" m_c="0.127803" m_d="0.992726" m_tx="38.366177" m_ty="-19.765177"/>
   <element name="chest02" layername="ches" frame="8" z_index="15" m_a="0.928084" m_b="0.133778" m_c="-0.219890" m_d="1.525487" m_tx="-57.797531" m_ty="-12.479882"/>
   <element name="chest02" layername="ches" frame="9" z_index="16" m_a="0.949580" m_b="-0.088163" m_c="0.166034" m_d="1.788302" m_tx="-60.194588" m_ty="-2.433088"/>
   <element name="chest_shadow" layername="chest_shadow" frame="0" z_index="17" m_a="1.636138" m_b="0.000000" m_c="0.000000" m_d="1.081362" m_tx="-1.317383" m_ty="20.963234"/>
  </frame>
  <frame idx="150" w="534" h="199" x="-156.415405" y="-76.772026">
   <element name="chest02" layername="ches" frame="6" z_index="13" m_a="0.014062" m_b="-0.062103" m_c="0.970548" m_d="0.219767" m_tx="-65.350517" m_ty="-20.003546"/>
   <element name="chest02" layername="ches" frame="7" z_index="14" m_a="-0.002703" m_b="-0.009300" m_c="-1.008184" m_d="0.293065" m_tx="39.159088" m_ty="-17.655060"/>
   <element name="chest02" layername="ches" frame="8" z_index="15" m_a="0.911819" m_b="0.285737" m_c="-0.541037" m_d="1.726512" m_tx="-52.729301" m_ty="-22.644455"/>
   <element name="chest02" layername="ches" frame="9" z_index="16" m_a="0.937739" m_b="-0.253626" m_c="0.615070" m_d="2.274119" m_tx="-52.606575" m_ty="5.836879"/>
   <element name="chest_shadow" layername="chest_shadow" frame="0" z_index="17" m_a="1.310940" m_b="0.000000" m_c="0.000000" m_d="0.992509" m_tx="7.189394" m_ty="13.210606"/>
  </frame>
  <frame idx="175" w="471" h="248" x="-142.947922" y="-156.106995">
   <element name="chest02" layername="ches" frame="6" z_index="13" m_a="0.861900" m_b="0.274069" m_c="0.403575" m_d="-1.269174" m_tx="-62.245972" m_ty="-25.071728"/>
   <element name="chest02" layername="ches" frame="7" z_index="14" m_a="0.873392" m_b="-0.434237" m_c="-0.539642" m_d="-1.085395" m_tx="41.374241" m_ty="-18.788393"/>
   <element name="chest02" layername="ches" frame="8" z_index="15" m_a="0.358861" m_b="0.317199" m_c="-1.471418" m_d="1.664679" m_tx="-71.424423" m_ty="-53.260559"/>
   <element name="chest02" layername="ches" frame="9" z_index="16" m_a="0.751841" m_b="-0.696051" m_c="1.926432" m_d="2.080839" m_tx="-13.959850" m_ty="0.159332"/>
   <element name="chest_shadow" layername="chest_shadow" frame="0" z_index="17" m_a="1.000000" m_b="0.000000" m_c="0.000000" m_d="1.000000" m_tx="13.500000" m_ty="6.900000"/>
  </frame>
  <frame idx="200" w="546" h="384" x="-238.487885" y="-301.882629">
   <element name="chest02" layername="ches" frame="6" z_index="13" m_a="0.665624" m_b="0.523118" m_c="1.033554" m_d="-1.315113" m_tx="-50.049000" m_ty="-44.049000"/>
   <element name="chest02" layername="ches" frame="7" z_index="14" m_a="0.632961" m_b="-0.775423" m_c="-1.206254" m_d="-0.984638" m_tx="43.950001" m_ty="-33.598999"/>
   <element name="chest02" layername="ches" frame="9" z_index="15" m_a="0.017008" m_b="-1.104759" m_c="-2.930203" m_d="-0.045110" m_tx="-83.984917" m_ty="128.783386"/>
   <element name="chest02" layername="ches" frame="9" z_index="16" m_a="-0.185055" m_b="-1.089851" m_c="2.890646" m_d="-0.490826" m_tx="82.099998" m_ty="-48.249001"/>
   <element name="chest_shadow" layername="chest_shadow" frame="0" z_index="17" m_a="1.000000" m_b="0.000000" m_c="0.000000" m_d="1.000000" m_tx="13.500000" m_ty="6.900000"/>
  </frame>
  <frame idx="225" w="551" h="451" x="-243.428406" y="-278.846619">
   <element name="chest02" layername="ches" frame="6" z_index="13" m_a="0.290472" m_b="-0.223248" m_c="1.253693" m_d="1.631201" m_tx="32.369522" m_ty="59.884590"/>
   <element name="chest02" layername="ches" frame="7" z_index="14" m_a="0.122745" m_b="0.083437" m_c="-0.761489" m_d="1.120230" m_tx="-8.942755" m_ty="-27.125656"/>
   <element name="chest02" layername="ches" frame="9" z_index="15" m_a="-0.048168" m_b="-1.020754" m_c="-2.851252" m_d="0.134546" m_tx="-71.842087" m_ty="109.745697"/>
   <element name="chest02" layername="ches" frame="9" z_index="16" m_a="-0.109531" m_b="-1.095832" m_c="2.841676" m_d="-0.284033" m_tx="76.457291" m_ty="-46.220253"/>
   <element name="chest_shadow" layername="chest_shadow" frame="0" z_index="17" m_a="1.000000" m_b="0.000000" m_c="0.000000" m_d="1.000000" m_tx="13.500000" m_ty="6.900000"/>
  </frame>
  <frame idx="250" w="556" h="467" x="-247.368301" y="-252.158829">
   <element name="chest02" layername="ches" frame="2" z_index="15" m_a="0.844794" m_b="0.000000" m_c="0.000000" m_d="1.942152" m_tx="-51.508831" m_ty="141.219345"/>
   <element name="chest02" layername="ches" frame="5" z_index="16" m_a="0.577828" m_b="0.000000" m_c="0.000000" m_d="0.736526" m_tx="25.834890" m_ty="-81.728691"/>
   <element name="chest02" layername="ches" frame="9" z_index="15" m_a="-0.102790" m_b="-0.933245" m_c="-2.761598" m_d="0.304170" m_tx="-62.298515" m_ty="91.302322"/>
   <element name="chest02" layername="ches" frame="9" z_index="16" m_a="-0.034060" m_b="-1.096605" m_c="2.778312" m_d="-0.086293" m_tx="70.814590" m_ty="-44.191509"/>
   <element name="chest_shadow" layername="chest_shadow" frame="0" z_index="17" m_a="1.000000" m_b="0.000000" m_c="0.000000" m_d="1.000000" m_tx="13.500000" m_ty="6.900000"/>
   <element name="sparkle" layername="sparkle" frame="0" z_index="14" m_a="0.086504" m_b="0.004057" m_c="-0.004057" m_d="0.086504" m_tx="-43.932335" m_ty="-167.118698"/>
  </frame>
  <frame idx="275" w="558" h="382" x="-249.601959" y="-218.819214">
   <element name="chest02" layername="ches" frame="2" z_index="13" m_a="0.904117" m_b="0.000000" m_c="0.000000" m_d="1.582051" m_tx="-55.770466" m_ty="119.205803"/>
   <element name="chest02" layername="ches" frame="5" z_index="14" m_a="0.668175" m_b="0.000000" m_c="0.000000" m_d="0.310570" m_tx="32.484196" m_ty="-151.304840"/>
   <element name="chest02" layername="ches" frame="9" z_index="15" m_a="-0.146697" m_b="-0.843223" m_c="-2.662186" m_d="0.463144" m_tx="-55.161037" m_ty="73.678276"/>
   <element name="chest02" layername="ches" frame="9" z_index="16" m_a="0.041002" m_b="-1.092206" m_c="2.701566" m_d="0.101417" m_tx="65.171883" m_ty="-42.162762"/>
   <element name="chest_shadow" layername="chest_shadow" frame="0" z_index="15" m_a="1.000000" m_b="0.000000" m_c="0.000000" m_d="1.000000" m_tx="13.500000" m_ty="6.900000"/>
   <element name="sparkle" layername="sparkle" frame="0" z_index="12" m_a="0.095290" m_b="0.016203" m_c="-0.016203" m_d="0.095290" m_tx="-48.552029" m_ty="-161.133850"/>
  </frame>
  <frame idx="300" w="578" h="375" x="-252.433319" y="-193.317078">
   <element name="chest02" layername="ches" frame="2" z_index="13" m_a="0.950760" m_b="0.000000" m_c="0.000000" m_d="1.298930" m_tx="-59.109028" m_ty="101.930016"/>
   <element name="chest02" layername="ches" frame="5" z_index="14" m_a="0.898605" m_b="0.000000" m_c="0.000000" m_d="0.789337" m_tx="50.251026" m_ty="-108.457321"/>
   <element name="chest02" layername="ches" frame="9" z_index="15" m_a="-0.179807" m_b="-0.751682" m_c="-2.553994" m_d="0.610930" m_tx="-50.219772" m_ty="57.072140"/>
   <element name="chest02" layername="ches" frame="9" z_index="16" m_a="0.115301" m_b="-1.082695" m_c="2.612512" m_d="0.278218" m_tx="59.529179" m_ty="-40.134018"/>
   <element name="chest_shadow" layername="chest_shadow" frame="0" z_index="15" m_a="1.000000" m_b="0.000000" m_c="0.000000" m_d="1.000000" m_tx="13.500000" m_ty="6.900000"/>
   <element name="sparkle" layername="sparkle" frame="0" z_index="12" m_a="0.106339" m_b="0.044051" m_c="-0.044051" m_d="0.106339" m_tx="-53.249001" m_ty="-155.149002"/>
  </frame>
  <frame idx="325" w="606" h="400" x="-253.678589" y="-192.713745">
   <element name="chest02" layername="ches" frame="2" z_index="13" m_a="0.977911" m_b="0.000000" m_c="0.000000" m_d="1.134092" m_tx="-61.067249" m_ty="91.821121"/>
   <element name="chest02" layername="ches" frame="5" z_index="14" m_a="0.973160" m_b="0.000000" m_c="0.000000" m_d="0.944236" m_tx="55.974113" m_ty="-94.582436"/>
   <element name="chest02" layername="ches" frame="9" z_index="15" m_a="-0.202123" m_b="-0.659615" m_c="-2.438028" m_d="0.747073" m_tx="-47.250938" m_ty="41.654774"/>
   <element name="chest02" layername="ches" frame="9" z_index="16" m_a="0.188492" m_b="-1.068156" m_c="2.512285" m_d="0.443330" m_tx="53.886475" m_ty="-38.105270"/>
   <element name="chest_shadow" layername="chest_shadow" frame="0" z_index="15" m_a="1.000000" m_b="0.000000" m_c="0.000000" m_d="1.000000" m_tx="13.500000" m_ty="6.900000"/>
   <element name="sparkle" layername="sparkle" frame="0" z_index="12" m_a="0.105486" m_b="0.099039" m_c="-0.099039" m_d="0.105486" m_tx="-55.160763" m_ty="-151.325470"/>
  </frame>
  <frame idx="350" w="615" h="407" x="-252.168396" y="-190.433838">
   <element name="chest02" layername="ches" frame="2" z_index="13" m_a="0.993656" m_b="0.000000" m_c="0.000000" m_d="1.038508" m_tx="-62.194702" m_ty="85.974739"/>
   <element name="chest02" layername="ches" frame="5" z_index="14" m_a="1.000000" m_b="0.000000" m_c="0.000000" m_d="1.000000" m_tx="58.034428" m_ty="-88.545059"/>
   <element name="chest02" layername="ches" frame="9" z_index="15" m_a="-0.213727" m_b="-0.568008" m_c="-2.315315" m_d="0.871195" m_tx="-46.020195" m_ty="27.568810"/>
   <element name="chest02" layername="ches" frame="9" z_index="16" m_a="0.260236" m_b="-1.048694" m_c="2.402063" m_d="0.596078" m_tx="48.243771" m_ty="-36.076523"/>
   <element name="chest_shadow" layername="chest_shadow" frame="0" z_index="15" m_a="1.000000" m_b="0.000000" m_c="0.000000" m_d="1.000000" m_tx="13.500000" m_ty="6.900000"/>
   <element name="sparkle" layername="sparkle" frame="0" z_index="12" m_a="0.063400" m_b="0.171630" m_c="-0.171630" m_d="0.063400" m_tx="-57.133850" m_ty="-147.427780"/>
  </frame>
  <frame idx="375" w="609" h="404" x="-247.250397" y="-187.011597">
   <element name="chest02" layername="ches" frame="2" z_index="13" m_a="1.000000" m_b="0.000000" m_c="0.000000" m_d="1.000000" m_tx="-62.643600" m_ty="83.629608"/>
   <element name="chest02" layername="ches" frame="5" z_index="14" m_a="1.000000" m_b="0.000000" m_c="0.000000" m_d="1.000000" m_tx="58.034428" m_ty="-85.885971"/>
   <element name="chest02" layername="ches" frame="9" z_index="15" m_a="-0.214785" m_b="-0.477834" m_c="-2.186898" m_d="0.983002" m_tx="-46.285172" m_ty="14.927818"/>
   <element name="chest02" layername="ches" frame="9" z_index="16" m_a="0.330204" m_b="-1.024441" m_c="2.283066" m_d="0.735891" m_tx="42.601063" m_ty="-34.047779"/>
   <element name="chest_shadow" layername="chest_shadow" frame="0" z_index="15" m_a="1.000000" m_b="0.000000" m_c="0.000000" m_d="1.000000" m_tx="13.500000" m_ty="6.900000"/>
   <element name="sparkle" layername="sparkle" frame="0" z_index="12" m_a="-0.048882" m_b="0.224617" m_c="-0.224617" m_d="-0.048882" m_tx="-58.499001" m_ty="-144.748993"/>
  </frame>
  <frame idx="400" w="602" h="399" x="-240.291656" y="-182.459396">
   <element name="chest02" layername="ches" frame="2" z_index="13" m_a="1.000000" m_b="0.000000" m_c="0.000000" m_d="1.000000" m_tx="-62.643600" m_ty="83.629608"/>
   <element name="chest02" layername="ches" frame="5" z_index="14" m_a="1.000000" m_b="0.000000" m_c="0.000000" m_d="1.000000" m_tx="58.034428" m_ty="-81.037491"/>
   <element name="chest02" layername="ches" frame="9" z_index="15" m_a="-0.205538" m_b="-0.390045" m_c="-2.053831" m_d="1.082286" m_tx="-47.798454" m_ty="3.816231"/>
   <element name="chest02" layername="ches" frame="9" z_index="16" m_a="0.398077" m_b="-0.995548" m_c="2.156539" m_d="0.862308" m_tx="36.958359" m_ty="-32.019032"/>
   <element name="chest_shadow" layername="chest_shadow" frame="0" z_index="15" m_a="1.000000" m_b="0.000000" m_c="0.000000" m_d="1.000000" m_tx="13.500000" m_ty="6.900000"/>
   <element name="sparkle" layername="sparkle" frame="0" z_index="12" m_a="-0.220185" m_b="0.180572" m_c="-0.180572" m_d="-0.220185" m_tx="-58.499001" m_ty="-144.748993"/>
  </frame>
  <frame idx="425" w="591" h="394" x="-230.680603" y="-177.721161">
   <element name="chest02" layername="ches" frame="2" z_index="13" m_a="1.000000" m_b="0.000000" m_c="0.000000" m_d="1.000000" m_tx="-62.643600" m_ty="83.629608"/>
   <element name="chest02" layername="ches" frame="5" z_index="14" m_a="1.000000" m_b="0.000000" m_c="0.000000" m_d="1.000000" m_tx="58.034428" m_ty="-73.169838"/>
   <element name="chest02" layername="ches" frame="9" z_index="15" m_a="-0.186308" m_b="-0.305568" m_c="-1.917168" m_d="1.168917" m_tx="-50.310738" m_ty="-5.710758"/>
   <element name="chest02" layername="ches" frame="9" z_index="16" m_a="0.463550" m_b="-0.962186" m_c="2.023753" m_d="0.974979" m_tx="31.315651" m_ty="-29.990286"/>
   <element name="chest_shadow" layername="chest_shadow" frame="0" z_index="15" m_a="1.000000" m_b="0.000000" m_c="0.000000" m_d="1.000000" m_tx="13.500000" m_ty="6.900000"/>
   <element name="sparkle" layername="sparkle" frame="0" z_index="12" m_a="-0.348620" m_b="-0.037421" m_c="0.037421" m_d="-0.348620" m_tx="-58.535767" m_ty="-144.712234"/>
  </frame>
  <frame idx="450" w="578" h="429" x="-218.829041" y="-210.610077">
   <element name="chest02" layername="ches" frame="2" z_index="13" m_a="1.016097" m_b="0.000000" m_c="0.000000" m_d="0.983524" m_tx="-63.433235" m_ty="84.378220"/>
   <element name="chest02" layername="ches" frame="5" z_index="14" m_a="1.000000" m_b="0.000000" m_c="0.000000" m_d="1.000000" m_tx="57.367050" m_ty="-68.015945"/>
   <element name="chest02" layername="ches" frame="9" z_index="15" m_a="-0.157490" m_b="-0.225298" m_c="-1.777962" m_d="1.242852" m_tx="-53.573486" m_ty="-13.626877"/>
   <element name="chest02" layername="ches" frame="9" z_index="16" m_a="0.526331" m_b="-0.924550" m_c="1.885986" m_d="1.073661" m_tx="25.672947" m_ty="-27.961540"/>
   <element name="chest_shadow" layername="chest_shadow" frame="0" z_index="15" m_a="1.000000" m_b="0.000000" m_c="0.000000" m_d="1.000000" m_tx="13.500000" m_ty="6.900000"/>
   <element name="sparkle" layername="sparkle" frame="0" z_index="12" m_a="-0.225953" m_b="-0.360340" m_c="0.360340" m_d="-0.225953" m_tx="-54.306576" m_ty="-127.899002"/>
  </frame>
  <frame idx="475" w="560" h="377" x="-204.173935" y="-164.696487">
   <element name="chest02" layername="ches" frame="0" z_index="14" m_a="1.022085" m_b="0.000000" m_c="0.000000" m_d="0.975171" m_tx="-64.632820" m_ty="134.988419"/>
   <element name="chest02" layername="ches" frame="5" z_index="14" m_a="1.000000" m_b="0.000000" m_c="0.000000" m_d="1.000000" m_tx="56.324272" m_ty="-64.388535"/>
   <element name="chest02" layername="ches" frame="9" z_index="15" m_a="-0.119552" m_b="-0.150091" m_c="-1.637254" m_d="1.304125" m_tx="-57.342056" m_ty="-19.934277"/>
   <element name="chest02" layername="ches" frame="9" z_index="16" m_a="0.586143" m_b="-0.882849" m_c="1.744519" m_d="1.158224" m_tx="20.030243" m_ty="-25.932795"/>
   <element name="chest_shadow" layername="chest_shadow" frame="0" z_index="15" m_a="1.000000" m_b="0.000000" m_c="0.000000" m_d="1.000000" m_tx="13.500000" m_ty="6.900000"/>
   <element name="sparkle" layername="sparkle" frame="0" z_index="13" m_a="0.223208" m_b="-0.457442" m_c="0.457442" m_d="0.223208" m_tx="-48.598999" m_ty="-111.479301"/>
  </frame>
  <frame idx="500" w="540" h="369" x="-186.679016" y="-157.813263">
   <element name="chest02" layername="ches" frame="0" z_index="14" m_a="0.987350" m_b="0.000000" m_c="0.000000" m_d="1.003770" m_tx="-62.436317" m_ty="138.947281"/>
   <element name="chest02" layername="ches" frame="5" z_index="14" m_a="1.000000" m_b="0.000000" m_c="0.000000" m_d="1.000000" m_tx="55.281498" m_ty="-60.761135"/>
   <element name="chest02" layername="ches" frame="9" z_index="15" m_a="-0.073031" m_b="-0.080762" m_c="-1.496074" m_d="1.352855" m_tx="-61.378269" m_ty="-24.662703"/>
   <element name="chest02" layername="ches" frame="9" z_index="16" m_a="0.642725" m_b="-0.837314" m_c="1.600627" m_d="1.228646" m_tx="14.387543" m_ty="-23.904049"/>
   <element name="chest_shadow" layername="chest_shadow" frame="0" z_index="15" m_a="1.000000" m_b="0.000000" m_c="0.000000" m_d="1.000000" m_tx="13.500000" m_ty="6.900000"/>
   <element name="sparkle" layername="sparkle" frame="0" z_index="13" m_a="0.601166" m_b="0.000000" m_c="0.000000" m_d="0.601166" m_tx="-44.848999" m_ty="-115.948997"/>
  </frame>
  <frame idx="525" w="518" h="359" x="-167.336044" y="-150.317688">
   <element name="chest02" layername="ches" frame="0" z_index="14" m_a="0.967132" m_b="0.000000" m_c="0.000000" m_d="1.020432" m_tx="-61.157825" m_ty="141.253693"/>
   <element name="chest02" layername="ches" frame="5" z_index="14" m_a="1.000000" m_b="0.000000" m_c="0.000000" m_d="1.000000" m_tx="54.238716" m_ty="-57.133736"/>
   <element name="chest02" layername="ches" frame="9" z_index="15" m_a="-0.018527" m_b="-0.018077" m_c="-1.355424" m_d="1.389236" m_tx="-65.453239" m_ty="-27.868502"/>
   <element name="chest02" layername="ches" frame="9" z_index="16" m_a="0.695834" m_b="-0.788191" m_c="1.455568" m_d="1.285011" m_tx="8.744835" m_ty="-21.875301"/>
   <element name="chest_shadow" layername="chest_shadow" frame="0" z_index="15" m_a="1.000000" m_b="0.000000" m_c="0.000000" m_d="1.000000" m_tx="13.500000" m_ty="6.900000"/>
   <element name="sparkle" layername="sparkle" frame="0" z_index="13" m_a="0.239373" m_b="0.452251" m_c="-0.452251" m_d="0.239373" m_tx="-41.246059" m_ty="-120.323997"/>
  </frame>
  <frame idx="550" w="552" h="364" x="-199.516403" y="-155.264893">
   <element name="chest02" layername="ches" frame="0" z_index="14" m_a="0.955400" m_b="0.000000" m_c="0.000000" m_d="1.030091" m_tx="-60.415928" m_ty="142.590714"/>
   <element name="chest02" layername="ches" frame="5" z_index="14" m_a="1.000000" m_b="0.000000" m_c="0.000000" m_d="1.000000" m_tx="53.195946" m_ty="-53.506325"/>
   <element name="chest02" layername="ches" frame="9" z_index="15" m_a="0.043294" m_b="0.037253" m_c="-1.216286" m_d="1.413537" m_tx="-69.349823" m_ty="-29.633278"/>
   <element name="chest02" layername="ches" frame="9" z_index="16" m_a="0.745245" m_b="-0.735740" m_c="1.310577" m_d="1.327509" m_tx="3.102127" m_ty="-19.846556"/>
   <element name="chest_shadow" layername="chest_shadow" frame="0" z_index="15" m_a="1.000000" m_b="0.000000" m_c="0.000000" m_d="1.000000" m_tx="13.500000" m_ty="6.900000"/>
   <element name="sparkle" layername="sparkle" frame="0" z_index="13" m_a="-0.213453" m_b="0.371553" m_c="-0.371553" m_d="-0.213453" m_tx="-37.549000" m_ty="-124.759605"/>
  </frame>
  <frame idx="575" w="508" h="368" x="-160.484177" y="-160.262466">
   <element name="chest02" layername="ches" frame="0" z_index="14" m_a="0.955902" m_b="0.000000" m_c="0.000000" m_d="1.030378" m_tx="-60.447689" m_ty="142.630447"/>
   <element name="chest02" layername="ches" frame="5" z_index="14" m_a="1.000000" m_b="0.000000" m_c="0.000000" m_d="1.000000" m_tx="52.153164" m_ty="-49.878922"/>
   <element name="chest02" layername="ches" frame="9" z_index="15" m_a="0.111715" m_b="0.084571" m_c="-1.079604" m_d="1.426103" m_tx="-72.865158" m_ty="-30.062458"/>
   <element name="chest02" layername="ches" frame="9" z_index="16" m_a="0.790753" m_b="-0.680236" m_c="1.166856" m_d="1.356434" m_tx="-2.540573" m_ty="-17.817810"/>
   <element name="chest_shadow" layername="chest_shadow" frame="0" z_index="15" m_a="1.000000" m_b="0.000000" m_c="0.000000" m_d="1.000000" m_tx="13.500000" m_ty="6.900000"/>
   <element name="sparkle" layername="sparkle" frame="0" z_index="13" m_a="-0.349601" m_b="0.046053" m_c="-0.046053" m_d="-0.349601" m_tx="-33.811123" m_ty="-129.253540"/>
  </frame>
  <frame idx="600" w="434" h="372" x="-93.080971" y="-164.804703">
   <element name="chest02" layername="ches" frame="0" z_index="14" m_a="0.972260" m_b="0.000000" m_c="0.000000" m_d="1.019120" m_tx="-61.482082" m_ty="141.072113"/>
   <element name="chest02" layername="ches" frame="5" z_index="14" m_a="1.000000" m_b="0.000000" m_c="0.000000" m_d="1.000000" m_tx="51.110390" m_ty="-46.251511"/>
   <element name="chest02" layername="ches" frame="9" z_index="15" m_a="0.185960" m_b="0.123286" m_c="-0.946290" m_d="1.427347" m_tx="-75.812836" m_ty="-29.283529"/>
   <element name="chest02" layername="ches" frame="9" z_index="16" m_a="0.832173" m_b="-0.621967" m_c="1.025564" m_d="1.372174" m_tx="-8.183281" m_ty="-15.789062"/>
   <element name="chest_shadow" layername="chest_shadow" frame="0" z_index="15" m_a="1.000000" m_b="0.000000" m_c="0.000000" m_d="1.000000" m_tx="13.500000" m_ty="6.900000"/>
   <element name="sparkle" layername="sparkle" frame="0" z_index="13" m_a="-0.220185" m_b="-0.180586" m_c="0.180586" m_d="-0.220185" m_tx="-30.099001" m_ty="-133.798996"/>
  </frame>
  <frame idx="625" w="427" h="376" x="-88.067200" y="-169.638702">
   <element name="chest02" layername="ches" frame="0" z_index="14" m_a="0.983592" m_b="0.000000" m_c="0.000000" m_d="1.011311" m_tx="-62.198650" m_ty="139.991165"/>
   <element name="chest02" layername="ches" frame="5" z_index="14" m_a="1.000000" m_b="0.000000" m_c="0.000000" m_d="1.000000" m_tx="50.067612" m_ty="-42.624107"/>
   <element name="chest02" layername="ches" frame="9" z_index="15" m_a="0.265213" m_b="0.152871" m_c="-0.817204" m_d="1.417752" m_tx="-78.025070" m_ty="-27.444122"/>
   <element name="chest02" layername="ches" frame="9" z_index="16" m_a="0.869340" m_b="-0.561231" m_c="0.887814" m_d="1.375215" m_tx="-13.825981" m_ty="-13.760319"/>
   <element name="chest_shadow" layername="chest_shadow" frame="0" z_index="15" m_a="1.000000" m_b="0.000000" m_c="0.000000" m_d="1.000000" m_tx="13.500000" m_ty="6.900000"/>
   <element name="sparkle" layername="sparkle" frame="0" z_index="13" m_a="-0.053669" m_b="-0.225184" m_c="0.225184" m_d="-0.053669" m_tx="-26.459295" m_ty="-138.137238"/>
  </frame>
  <frame idx="650" w="425" h="380" x="-88.020866" y="-174.582382">
   <element name="chest02" layername="ches" frame="0" z_index="14" m_a="0.992162" m_b="0.000000" m_c="0.000000" m_d="1.005402" m_tx="-62.740589" m_ty="139.173172"/>
   <element name="chest02" layername="ches" frame="5" z_index="14" m_a="1.000000" m_b="0.000000" m_c="0.000000" m_d="1.000000" m_tx="49.024837" m_ty="-38.996704"/>
   <element name="chest02" layername="ches" frame="9" z_index="15" m_a="0.348610" m_b="0.172868" m_c="-0.693168" m_d="1.397859" m_tx="-79.354507" m_ty="-24.709942"/>
   <element name="chest02" layername="ches" frame="9" z_index="16" m_a="0.902112" m_b="-0.498335" m_c="0.754662" m_d="1.366129" m_tx="-19.468697" m_ty="-11.731571"/>
   <element name="chest_shadow" layername="chest_shadow" frame="0" z_index="15" m_a="1.000000" m_b="0.000000" m_c="0.000000" m_d="1.000000" m_tx="13.500000" m_ty="6.900000"/>
   <element name="sparkle" layername="sparkle" frame="0" z_index="13" m_a="0.060378" m_b="-0.174543" m_c="0.174543" m_d="0.060378" m_tx="-22.773243" m_ty="-142.583847"/>
  </frame>
  <frame idx="675" w="425" h="383" x="-88.312798" y="-177.646362">
   <element name="chest02" layername="ches" frame="0" z_index="14" m_a="0.997676" m_b="0.000000" m_c="0.000000" m_d="1.001598" m_tx="-63.089325" m_ty="138.646683"/>
   <element name="chest02" layername="ches" frame="5" z_index="14" m_a="1.000000" m_b="0.000000" m_c="0.000000" m_d="1.000000" m_tx="47.982059" m_ty="-35.369297"/>
   <element name="chest02" layername="ches" frame="9" z_index="15" m_a="0.435253" m_b="0.182893" m_c="-0.574948" m_d="1.368271" m_tx="-79.676003" m_ty="-21.262508"/>
   <element name="chest02" layername="ches" frame="9" z_index="16" m_a="0.930368" m_b="-0.433596" m_c="0.627102" m_d="1.345574" m_tx="-25.111397" m_ty="-9.702824"/>
   <element name="chest_shadow" layername="chest_shadow" frame="0" z_index="15" m_a="1.000000" m_b="0.000000" m_c="0.000000" m_d="1.000000" m_tx="13.500000" m_ty="6.900000"/>
   <element name="sparkle" layername="sparkle" frame="0" z_index="13" m_a="0.105043" m_b="-0.100809" m_c="0.100809" m_d="0.105043" m_tx="-20.249001" m_ty="-145.649002"/>
  </frame>
  <frame idx="700" w="424" h="381" x="-88.435791" y="-177.646301">
   <element name="chest02" layername="ches" frame="0" z_index="14" m_a="1.000000" m_b="0.000000" m_c="0.000000" m_d="1.000000" m_tx="-63.236256" m_ty="138.425415"/>
   <element name="chest02" layername="ches" frame="5" z_index="14" m_a="1.000000" m_b="0.000000" m_c="0.000000" m_d="1.000000" m_tx="46.939285" m_ty="-31.741896"/>
   <element name="chest02" layername="ches" frame="9" z_index="15" m_a="0.524213" m_b="0.182637" m_c="-0.463252" m_d="1.329646" m_tx="-78.888046" m_ty="-17.296707"/>
   <element name="chest02" layername="ches" frame="9" z_index="16" m_a="0.954011" m_b="-0.367336" m_c="0.506057" m_d="1.314284" m_tx="-30.754105" m_ty="-7.674080"/>
   <element name="chest_shadow" layername="chest_shadow" frame="0" z_index="15" m_a="1.000000" m_b="0.000000" m_c="0.000000" m_d="1.000000" m_tx="13.500000" m_ty="6.900000"/>
   <element name="sparkle" layername="sparkle" frame="0" z_index="13" m_a="0.106339" m_b="-0.044052" m_c="0.044052" m_d="0.106339" m_tx="-20.249001" m_ty="-145.649002"/>
  </frame>
  <frame idx="725" w="423" h="380" x="-88.435791" y="-177.646561">
   <element name="chest02" layername="ches" frame="0" z_index="14" m_a="1.000000" m_b="0.000000" m_c="0.000000" m_d="1.000000" m_tx="-63.236256" m_ty="138.425415"/>
   <element name="chest02" layername="ches" frame="5" z_index="14" m_a="1.000000" m_b="0.000000" m_c="0.000000" m_d="1.000000" m_tx="45.896503" m_ty="-28.114489"/>
   <element name="chest02" layername="ches" frame="9" z_index="15" m_a="0.614537" m_b="0.171869" m_c="-0.358732" m_d="1.282689" m_tx="-76.914009" m_ty="-13.018308"/>
   <element name="chest02" layername="ches" frame="9" z_index="16" m_a="0.972964" m_b="-0.299880" m_c="0.392375" m_d="1.273065" m_tx="-36.396805" m_ty="-5.645332"/>
   <element name="chest_shadow" layername="chest_shadow" frame="0" z_index="15" m_a="1.000000" m_b="0.000000" m_c="0.000000" m_d="1.000000" m_tx="13.500000" m_ty="6.900000"/>
   <element name="sparkle" layername="sparkle" frame="0" z_index="13" m_a="0.095715" m_b="-0.016926" m_c="0.016926" m_d="0.095715" m_tx="-20.249001" m_ty="-145.649002"/>
  </frame>
  <frame idx="750" w="422" h="378" x="-88.435791" y="-177.146790">
   <element name="chest02" layername="ches" frame="0" z_index="14" m_a="1.000000" m_b="0.000000" m_c="0.000000" m_d="1.000000" m_tx="-63.236256" m_ty="138.425415"/>
   <element name="chest02" layername="ches" frame="5" z_index="14" m_a="1.000000" m_b="0.000000" m_c="0.000000" m_d="1.000000" m_tx="44.853729" m_ty="-24.487083"/>
   <element name="chest02" layername="ches" frame="9" z_index="15" m_a="0.705253" m_b="0.150435" m_c="-0.261973" m_d="1.228153" m_tx="-73.703133" m_ty="-8.641286"/>
   <element name="chest02" layername="ches" frame="9" z_index="16" m_a="0.987177" m_b="-0.231560" m_c="0.286827" m_d="1.222788" m_tx="-42.039513" m_ty="-3.616589"/>
   <element name="chest_shadow" layername="chest_shadow" frame="0" z_index="15" m_a="1.000000" m_b="0.000000" m_c="0.000000" m_d="1.000000" m_tx="13.500000" m_ty="6.900000"/>
   <element name="sparkle" layername="sparkle" frame="0" z_index="13" m_a="0.086736" m_b="-0.004322" m_c="0.004322" m_d="0.086736" m_tx="-20.249001" m_ty="-145.649002"/>
  </frame>
  <frame idx="775" w="421" h="381" x="-88.435791" y="-180.667770">
   <element name="chest02" layername="ches" frame="0" z_index="14" m_a="1.000000" m_b="0.000000" m_c="0.000000" m_d="1.000000" m_tx="-63.236256" m_ty="138.425415"/>
   <element name="chest02" layername="ches" frame="5" z_index="14" m_a="1.000000" m_b="0.000000" m_c="0.000000" m_d="1.000000" m_tx="43.810951" m_ty="-20.859676"/>
   <element name="chest02" layername="ches" frame="9" z_index="15" m_a="0.795374" m_b="0.118266" m_c="-0.173498" m_d="1.166829" m_tx="-69.231285" m_ty="-4.385159"/>
   <element name="chest02" layername="ches" frame="9" z_index="16" m_a="0.996619" m_b="-0.162706" m_c="0.190094" m_d="1.164379" m_tx="-47.682213" m_ty="-1.587841"/>
   <element name="chest_shadow" layername="chest_shadow" frame="0" z_index="15" m_a="1.000000" m_b="0.000000" m_c="0.000000" m_d="1.000000" m_tx="13.500000" m_ty="6.900000"/>
   <element name="sparkle" layername="sparkle" frame="0" z_index="13" m_a="0.082687" m_b="0.000000" m_c="0.000000" m_d="0.082687" m_tx="-22.726612" m_ty="-148.669891"/>
  </frame>
  <frame idx="800" w="419" h="392" x="-87.935791" y="-191.108078">
   <element name="chest02" layername="ches" frame="0" z_index="14" m_a="1.000000" m_b="0.000000" m_c="0.000000" m_d="1.000000" m_tx="-63.236256" m_ty="138.425415"/>
   <element name="chest02" layername="ches" frame="5" z_index="14" m_a="1.000000" m_b="0.000000" m_c="0.000000" m_d="1.000000" m_tx="42.768177" m_ty="-17.232271"/>
   <element name="chest02" layername="ches" frame="9" z_index="15" m_a="0.883912" m_b="0.075371" m_c="-0.093757" m_d="1.099541" m_tx="-63.501457" m_ty="-0.472157"/>
   <element name="chest02" layername="ches" frame="9" z_index="16" m_a="1.001285" m_b="-0.093650" m_c="0.102772" m_d="1.098814" m_tx="-53.324913" m_ty="0.440903"/>
   <element name="chest_shadow" layername="chest_shadow" frame="0" z_index="15" m_a="1.000000" m_b="0.000000" m_c="0.000000" m_d="1.000000" m_tx="13.500000" m_ty="6.900000"/>
   <element name="sparkle" layername="sparkle" frame="0" z_index="13" m_a="0.082687" m_b="0.000000" m_c="0.000000" m_d="0.082687" m_tx="-30.469151" m_ty="-158.110199"/>
  </frame>
 </anim>
</Anims>
